Y,tau_future,score_raw,score_norm,direction,n_bull_sets,n_bear_sets,n_bull_firing,n_bear_firing,bull_weight_total,bear_weight_total,bull_weight_fired,bear_weight_fired,top_bull_conditions,top_bear_conditions,latest_date
AAPL,63,0.0,0.0,NEUTRAL,1,1,0,0,8.7299,7.704,0.0,0.0,,,2026-06-03
AAPL,126,0.0,0.0,NEUTRAL,16,0,0,0,216.36,0.0,0.0,0.0,,,2026-06-03
AAPL,252,14.8182,0.2593,BULLISH,1,4,1,0,14.8182,42.3394,14.8182,0.0,"SLV(t=300,q=0.95) & SI=F(t=252,q=0.95) CPE=0.980 lift=3.27 n=102",,2026-06-03
AAPL,300,14.0562,0.597,BULLISH,1,1,1,0,14.0562,9.4899,14.0562,0.0,"SLV(t=252,q=0.95) & SI=F(t=252,q=0.95) CPE=0.926 lift=3.09 n=136",,2026-06-03
ADA-USD,63,0.0,0.0,NEUTRAL,1,2,0,0,11.5624,13.7379,0.0,0.0,,,2026-06-03
ADA-USD,126,-20.2432,-0.5276,BEARISH,1,3,0,2,9.3079,29.0623,0.0,20.2432,,"IBIT(t=252,q=0.5) & FBTC(t=252,q=0.5) CPE=0.918 lift=2.30 n=122 | IBIT(t=252,q=0.5) & FBTC(t=252,q=0.5) & BITB(t=252,q=0.5) CPE=0.918 lift=2.30 n=122",2026-06-03
ADA-USD,252,19.0144,0.0946,BULLISH,9,5,1,0,154.671,46.3075,19.0144,0.0,"ICLN(t=126,q=0.95) & AAPL(t=252,q=0.7) CPE=1.000 lift=4.00 n=116",,2026-06-03
ADA-USD,300,0.0,0.0,NEUTRAL,6,5,0,0,57.922,46.1699,0.0,0.0,,,2026-06-03
AGG,63,0.0,0.0,NEUTRAL,1,0,0,0,9.8024,0.0,0.0,0.0,,,2026-06-03
AGG,126,0.0,0.0,NEUTRAL,1,0,0,0,8.8625,0.0,0.0,0.0,,,2026-06-03
AGG,252,35.54,0.4294,BULLISH,6,1,3,0,67.3156,15.4489,35.54,0.0,"SLV(t=252,q=0.95) & SI=F(t=252,q=0.95) CPE=0.839 lift=3.36 n=137 | SLV(t=252,q=0.95) & SI=F(t=252,q=0.95) CPE=0.861 lift=2.87 n=137 | SLV(t=252,q=0.95) & SI=F(t=300,q=0.95) CPE=1.000 lift=2.00 n=116",,2026-06-03
AGG,300,0.0,0.0,NEUTRAL,5,2,0,0,55.6193,20.5869,0.0,0.0,,,2026-06-03
AMZN,63,0.0,0.0,NEUTRAL,1,0,0,0,8.2153,0.0,0.0,0.0,,,2026-06-03
AMZN,126,0.0,0.0,NEUTRAL,1,0,0,0,8.6364,0.0,0.0,0.0,,,2026-06-03
AMZN,252,0.0,0.0,NEUTRAL,3,0,0,0,36.0737,0.0,0.0,0.0,,,2026-06-03
AMZN,300,0.0,0.0,NEUTRAL,0,6,0,0,0.0,57.619,0.0,0.0,,,2026-06-03
ARKK,63,0.0,0.0,NEUTRAL,0,2,0,0,0.0,16.8121,0.0,0.0,,,2026-06-03
ARKK,126,0.0,0.0,NEUTRAL,3,0,0,0,28.9559,0.0,0.0,0.0,,,2026-06-03
ARKK,252,0.0,0.0,NEUTRAL,2,10,0,0,20.7233,108.3186,0.0,0.0,,,2026-06-03
ARKK,300,0.0,0.0,NEUTRAL,8,4,0,0,77.3715,43.8523,0.0,0.0,,,2026-06-03
ATOM-USD,63,0.0,0.0,NEUTRAL,2,1,0,0,17.7592,8.1892,0.0,0.0,,,2026-06-03
ATOM-USD,126,0.0,0.0,NEUTRAL,4,0,0,0,40.8879,0.0,0.0,0.0,,,2026-06-03
ATOM-USD,252,0.0,0.0,NEUTRAL,9,1,0,0,130.767,8.5391,0.0,0.0,,,2026-06-03
ATOM-USD,300,-15.0921,-0.1077,BEARISH,10,2,0,2,124.9909,15.0921,0.0,15.0921,,"IBIT(t=5,q=0.5) & FBTC(t=5,q=0.5) CPE=0.804 lift=2.01 n=107 | IBIT(t=5,q=0.5) & FBTC(t=5,q=0.5) & BITB(t=5,q=0.5) CPE=0.804 lift=2.01 n=107",2026-06-03
AUDJPY=X,63,0.0,0.0,NEUTRAL,0,1,0,0,0.0,7.4491,0.0,0.0,,,2026-06-03
AUDJPY=X,126,0.0,0.0,NEUTRAL,4,3,0,0,46.798,26.6274,0.0,0.0,,,2026-06-03
AUDJPY=X,252,0.0,0.0,NEUTRAL,0,3,0,0,0.0,30.0623,0.0,0.0,,,2026-06-03
AUDJPY=X,300,0.0,0.0,NEUTRAL,12,6,0,0,143.7107,61.9925,0.0,0.0,,,2026-06-03
AUDUSD=X,63,0.0,0.0,NEUTRAL,1,0,0,0,9.1075,0.0,0.0,0.0,,,2026-06-03
AUDUSD=X,126,0.0,0.0,NEUTRAL,2,0,0,0,18.4917,0.0,0.0,0.0,,,2026-06-03
AUDUSD=X,252,0.0,0.0,NEUTRAL,7,1,0,0,81.9119,9.2302,0.0,0.0,,,2026-06-03
AUDUSD=X,300,0.0,0.0,NEUTRAL,8,0,0,0,100.5524,0.0,0.0,0.0,,,2026-06-03
AVAX-USD,21,0.0,0.0,NEUTRAL,1,0,0,0,6.3848,0.0,0.0,0.0,,,2026-06-03
AVAX-USD,63,0.0,0.0,NEUTRAL,0,1,0,0,0.0,7.6801,0.0,0.0,,,2026-06-03
AVAX-USD,126,-35.0983,-0.4547,BEARISH,4,4,0,4,42.0973,35.0983,0.0,35.0983,,"FBTC(t=252,q=0.5) & BITB(t=252,q=0.5) CPE=0.967 lift=1.93 n=122 | FBTC(t=252,q=0.5) & BITB(t=252,q=0.5) & IBIT(t=252,q=0.5) CPE=0.967 lift=1.93 n=122 | IBIT(t=252,q=0.5) & FBTC(t=252,q=0.5) CPE=0.844 lift=2.11 n=122",2026-06-03
AVAX-USD,252,0.0,0.0,NEUTRAL,21,1,0,0,288.607,7.966,0.0,0.0,,,2026-06-03
AVAX-USD,300,0.0,0.0,NEUTRAL,13,5,0,0,152.0358,43.6246,0.0,0.0,,,2026-06-03
BCH-USD,126,0.0,0.0,NEUTRAL,2,0,0,0,17.7583,0.0,0.0,0.0,,,2026-06-03
BCH-USD,252,0.0,0.0,NEUTRAL,4,0,0,0,37.9816,0.0,0.0,0.0,,,2026-06-03
BCH-USD,300,0.0,0.0,NEUTRAL,0,2,0,0,0.0,15.4244,0.0,0.0,,,2026-06-03
BITB,63,0.0,0.0,NEUTRAL,1,2,0,0,8.8683,15.8282,0.0,0.0,,,2026-06-03
BITB,126,-32.9835,-1.0,BEARISH,0,3,0,3,0.0,32.9835,0.0,32.9835,,"DOGE-USD(t=252,q=0.6) & BTC-USD(t=252,q=0.6) CPE=0.891 lift=2.97 n=101 | DOGE-USD(t=252,q=0.6) & BTC-USD(t=252,q=0.6) CPE=1.000 lift=2.50 n=101 | DOGE-USD(t=252,q=0.6) & BTC-USD(t=252,q=0.6) CPE=1.000 lift=2.00 n=101",2026-06-03
BITB,252,0.0,0.0,NEUTRAL,7,13,0,0,62.4889,148.9479,0.0,0.0,,,2026-06-03
BITB,300,0.0,0.0,NEUTRAL,0,5,0,0,0.0,54.6877,0.0,0.0,,,2026-06-03
BNB-USD,63,-14.5071,-1.0,BEARISH,0,2,0,2,0.0,14.5071,0.0,14.5071,,"BITB(t=252,q=0.6) & FBTC(t=252,q=0.6) CPE=0.869 lift=1.74 n=122 | BITB(t=252,q=0.6) & FBTC(t=252,q=0.6) & IBIT(t=252,q=0.6) CPE=0.869 lift=1.74 n=122",2026-06-03
BNB-USD,126,0.0,0.0,NEUTRAL,5,1,0,0,53.154,8.5017,0.0,0.0,,,2026-06-03
BNB-USD,252,0.0,0.0,NEUTRAL,10,5,0,0,173.2839,47.5305,0.0,0.0,,,2026-06-03
BNB-USD,300,0.0,0.0,NEUTRAL,10,5,0,0,178.4803,58.1832,0.0,0.0,,,2026-06-03
BND,63,0.0,0.0,NEUTRAL,1,0,0,0,8.7836,0.0,0.0,0.0,,,2026-06-03
BND,126,0.0,0.0,NEUTRAL,1,0,0,0,9.0484,0.0,0.0,0.0,,,2026-06-03
BND,252,0.0,0.0,NEUTRAL,10,0,0,0,118.2292,0.0,0.0,0.0,,,2026-06-03
BND,300,0.0,0.0,NEUTRAL,5,1,0,0,50.2009,9.2499,0.0,0.0,,,2026-06-03
BNO,126,12.0429,0.1601,BULLISH,5,2,1,0,49.6082,25.5897,12.0429,0.0,"EWY(t=252,q=0.9) & EEM(t=252,q=0.75) CPE=0.993 lift=2.48 n=133",,2026-06-03
BNO,252,0.0,0.0,NEUTRAL,20,4,0,0,292.3889,59.1852,0.0,0.0,,,2026-06-03
BNO,300,0.0,0.0,NEUTRAL,22,1,0,0,321.4085,9.3643,0.0,0.0,,,2026-06-03
BRK-B,21,0.0,0.0,NEUTRAL,0,2,0,0,0.0,11.8739,0.0,0.0,,,2026-06-03
BRK-B,126,0.0,0.0,NEUTRAL,1,0,0,0,9.8894,0.0,0.0,0.0,,,2026-06-03
BRK-B,252,0.0,0.0,NEUTRAL,6,1,0,0,82.6313,8.666,0.0,0.0,,,2026-06-03
BRK-B,300,0.0,0.0,NEUTRAL,15,2,0,0,210.683,17.7155,0.0,0.0,,,2026-06-03
BRLUSD=X,63,0.0,0.0,NEUTRAL,1,0,0,0,8.9619,0.0,0.0,0.0,,,2026-06-03
BRLUSD=X,126,0.0,0.0,NEUTRAL,2,0,0,0,26.1891,0.0,0.0,0.0,,,2026-06-03
BRLUSD=X,252,0.0,0.0,NEUTRAL,4,0,0,0,47.9722,0.0,0.0,0.0,,,2026-06-03
BTC-USD,63,0.0,0.0,NEUTRAL,1,2,0,0,8.6122,16.5777,0.0,0.0,,,2026-06-03
BTC-USD,126,-46.5364,-0.8309,BEARISH,0,5,0,4,0.0,56.0088,0.0,46.5364,,"IBIT(t=252,q=0.5) & FBTC(t=252,q=0.5) CPE=0.893 lift=2.98 n=122 | IBIT(t=252,q=0.5) & FBTC(t=252,q=0.5) & BITB(t=252,q=0.5) CPE=0.893 lift=2.98 n=122 | BITB(t=252,q=0.5) & IBIT(t=252,q=0.5) CPE=0.934 lift=2.34 n=122",2026-06-03
BTC-USD,252,0.0,0.0,NEUTRAL,3,2,0,0,30.9705,18.2575,0.0,0.0,,,2026-06-03
BTC-USD,300,0.0,0.0,NEUTRAL,4,4,0,0,58.0883,38.3132,0.0,0.0,,,2026-06-03
BZ=F,63,0.0,0.0,NEUTRAL,0,2,0,0,0.0,15.3169,0.0,0.0,,,2026-06-03
BZ=F,126,0.0,0.0,NEUTRAL,4,10,0,0,37.2185,99.2978,0.0,0.0,,,2026-06-03
BZ=F,252,0.0,0.0,NEUTRAL,5,2,0,0,70.4959,29.4857,0.0,0.0,,,2026-06-03
BZ=F,300,0.0,0.0,NEUTRAL,18,0,0,0,240.8454,0.0,0.0,0.0,,,2026-06-03
CADUSD=X,126,0.0,0.0,NEUTRAL,2,0,0,0,20.6779,0.0,0.0,0.0,,,2026-06-03
CADUSD=X,252,0.0,0.0,NEUTRAL,4,9,0,0,42.7487,92.1034,0.0,0.0,,,2026-06-03
CADUSD=X,300,0.0,0.0,NEUTRAL,5,1,0,0,56.1288,9.3827,0.0,0.0,,,2026-06-03
CANE,63,0.0,0.0,NEUTRAL,1,2,0,0,9.2499,17.7584,0.0,0.0,,,2026-06-03
CANE,126,0.0,0.0,NEUTRAL,15,0,0,0,217.326,0.0,0.0,0.0,,,2026-06-03
CANE,252,0.0,0.0,NEUTRAL,4,4,0,0,53.3135,47.009,0.0,0.0,,,2026-06-03
CANE,300,46.442,0.317,BULLISH,8,5,5,0,82.2754,64.2334,46.442,0.0,"DJP(t=300,q=0.95) & GSG(t=300,q=0.9) CPE=1.000 lift=2.00 n=105 | DJP(t=300,q=0.95) & GSG(t=300,q=0.9) & DBC(t=300,q=0.9) CPE=1.000 lift=2.00 n=105 | DJP(t=300,q=0.95) & GSG(t=300,q=0.9) & DBC(t=300,q=0.9) & UGA(t=300,q=0.9) CPE=1.000 lift=2.00 n=105",,2026-06-03
CHFUSD=X,63,0.0,0.0,NEUTRAL,1,0,0,0,9.3679,0.0,0.0,0.0,,,2026-06-03
CHFUSD=X,126,0.0,0.0,NEUTRAL,2,0,0,0,25.5895,0.0,0.0,0.0,,,2026-06-03
CHFUSD=X,252,0.0,0.0,NEUTRAL,3,0,0,0,53.8322,0.0,0.0,0.0,,,2026-06-03
CHFUSD=X,300,0.0,0.0,NEUTRAL,9,0,0,0,151.0491,0.0,0.0,0.0,,,2026-06-03
CL=F,63,0.0,0.0,NEUTRAL,3,5,0,0,28.7125,41.8283,0.0,0.0,,,2026-06-03
CL=F,126,0.0,0.0,NEUTRAL,3,11,0,0,29.2562,114.0484,0.0,0.0,,,2026-06-03
CL=F,252,0.0,0.0,NEUTRAL,7,2,0,0,84.0253,26.0971,0.0,0.0,,,2026-06-03
CL=F,300,0.0,0.0,NEUTRAL,8,2,0,0,85.2831,20.9428,0.0,0.0,,,2026-06-03
CORN,21,0.0,0.0,NEUTRAL,1,0,0,0,7.981,0.0,0.0,0.0,,,2026-06-03
CORN,63,0.0,0.0,NEUTRAL,1,0,0,0,9.4335,0.0,0.0,0.0,,,2026-06-03
CORN,126,0.0,0.0,NEUTRAL,3,0,0,0,36.4473,0.0,0.0,0.0,,,2026-06-03
CORN,252,0.0,0.0,NEUTRAL,13,17,0,0,176.3612,223.1465,0.0,0.0,,,2026-06-03
CORN,300,0.0,0.0,NEUTRAL,24,15,0,0,369.6322,179.3664,0.0,0.0,,,2026-06-03
CPER,21,0.0,0.0,NEUTRAL,2,0,0,0,12.3861,0.0,0.0,0.0,,,2026-06-03
CPER,63,0.0,0.0,NEUTRAL,1,0,0,0,8.8683,0.0,0.0,0.0,,,2026-06-03
CPER,126,46.9752,0.6863,BULLISH,7,0,5,0,68.4491,0.0,46.9752,0.0,"EWY(t=252,q=0.9) & SI=F(t=252,q=0.8) CPE=0.985 lift=1.97 n=135 | EWY(t=252,q=0.9) & SI=F(t=252,q=0.8) & SLV(t=252,q=0.8) CPE=0.985 lift=1.97 n=135 | EWY(t=252,q=0.9) & SI=F(t=252,q=0.8) & SLV(t=252,q=0.8) & PPLT(t=252,q=0.9) CPE=0.985 lift=1.97 n=133",,2026-06-03
CPER,252,0.0,0.0,NEUTRAL,0,5,0,0,0.0,52.6998,0.0,0.0,,,2026-06-03
CPER,300,9.2499,0.3084,BULLISH,1,2,1,0,9.2499,20.7432,9.2499,0.0,"SI=F(t=300,q=0.8) & SLV(t=300,q=0.8) CPE=1.000 lift=2.00 n=102",,2026-06-03
DBB,63,0.0,0.0,NEUTRAL,1,1,0,0,7.4931,6.9179,0.0,0.0,,,2026-06-03
DBB,252,27.7102,0.4726,BULLISH,4,2,3,0,39.2232,19.412,27.7102,0.0,"SOXX(t=300,q=0.95) & XLK(t=300,q=0.9) CPE=1.000 lift=2.00 n=102 | SOXX(t=300,q=0.95) & XLK(t=300,q=0.9) & VUG(t=300,q=0.9) CPE=1.000 lift=2.00 n=102 | SOXX(t=300,q=0.95) & XLK(t=300,q=0.9) & VUG(t=300,q=0.9) & QQQ(t=300,q=0.9) CPE=1.000 lift=2.00 n=100",,2026-06-03
DBB,300,27.6901,0.2858,BULLISH,8,1,3,0,87.9848,8.8951,27.6901,0.0,"QQQ(t=300,q=0.95) & XLK(t=300,q=0.95) CPE=1.000 lift=2.00 n=103 | QQQ(t=300,q=0.95) & XLK(t=300,q=0.95) & SOXX(t=300,q=0.9) CPE=1.000 lift=2.00 n=100 | QQQ(t=300,q=0.95) & XLK(t=300,q=0.95) & SOXX(t=300,q=0.9) & VUG(t=300,q=0.9) CPE=1.000 lift=2.00 n=100",,2026-06-03
DBC,63,0.0,0.0,NEUTRAL,0,1,0,0,0.0,8.3269,0.0,0.0,,,2026-06-03
DBC,126,0.0,0.0,NEUTRAL,2,5,0,0,20.7233,44.7807,0.0,0.0,,,2026-06-03
DBC,252,0.0,0.0,NEUTRAL,17,0,0,0,238.5573,0.0,0.0,0.0,,,2026-06-03
DBC,300,0.0,0.0,NEUTRAL,23,1,0,0,343.1514,9.2695,0.0,0.0,,,2026-06-03
DIA,63,0.0,0.0,NEUTRAL,1,0,0,0,9.1254,0.0,0.0,0.0,,,2026-06-03
DIA,252,0.0,0.0,NEUTRAL,1,5,0,0,9.2695,65.3517,0.0,0.0,,,2026-06-03
DIA,300,0.0,0.0,NEUTRAL,4,4,0,0,42.5305,47.9199,0.0,0.0,,,2026-06-03
DJP,63,9.401,0.5732,BULLISH,1,1,1,0,9.401,7.0004,9.401,0.0,"PPLT(t=252,q=0.95) & ICLN(t=252,q=0.9) CPE=1.000 lift=2.00 n=110",,2026-06-03
DJP,126,0.0,0.0,NEUTRAL,7,7,0,0,74.642,61.6602,0.0,0.0,,,2026-06-03
DJP,252,0.0,0.0,NEUTRAL,9,8,0,0,115.5583,106.1268,0.0,0.0,,,2026-06-03
DJP,300,60.1948,0.1971,BULLISH,20,0,6,0,305.3608,0.0,60.1948,0.0,"QQQ(t=300,q=0.95) & VUG(t=300,q=0.95) CPE=1.000 lift=2.50 n=107 | QQQ(t=300,q=0.95) & VUG(t=300,q=0.95) & XLK(t=300,q=0.95) CPE=1.000 lift=2.50 n=100 | EWY(t=300,q=0.95) & VT(t=300,q=0.95) CPE=1.000 lift=2.00 n=102",,2026-06-03
DOGE-USD,63,0.0,0.0,NEUTRAL,2,0,0,0,16.3526,0.0,0.0,0.0,,,2026-06-03
DOGE-USD,126,-37.5558,-1.0,BEARISH,0,4,0,4,0.0,37.5558,0.0,37.5558,,"IBIT(t=252,q=0.5) & FBTC(t=252,q=0.5) CPE=0.910 lift=2.27 n=122 | IBIT(t=252,q=0.5) & FBTC(t=252,q=0.5) & BITB(t=252,q=0.5) CPE=0.910 lift=2.27 n=122 | IBIT(t=252,q=0.5) & FBTC(t=252,q=0.5) CPE=0.959 lift=1.92 n=122",2026-06-03
DOGE-USD,252,0.0,0.0,NEUTRAL,8,0,0,0,132.5641,0.0,0.0,0.0,,,2026-06-03
DOGE-USD,300,0.0,0.0,NEUTRAL,9,0,0,0,144.6171,0.0,0.0,0.0,,,2026-06-03
DOT-USD,63,0.0,0.0,NEUTRAL,0,1,0,0,0.0,8.4529,0.0,0.0,,,2026-06-03
DOT-USD,126,-58.4749,-0.8112,BEARISH,1,6,0,6,13.6052,58.4749,0.0,58.4749,,"IBIT(t=252,q=0.5) & FBTC(t=252,q=0.5) CPE=0.811 lift=2.70 n=122 | IBIT(t=252,q=0.5) & FBTC(t=252,q=0.5) & BITB(t=252,q=0.5) CPE=0.811 lift=2.70 n=122 | IBIT(t=252,q=0.5) & FBTC(t=252,q=0.5) CPE=0.926 lift=2.32 n=122",2026-06-03
DOT-USD,252,0.0,0.0,NEUTRAL,7,0,0,0,96.9113,0.0,0.0,0.0,,,2026-06-03
DOT-USD,300,0.0,0.0,NEUTRAL,6,1,0,0,73.084,9.3457,0.0,0.0,,,2026-06-03
EDV,63,0.0,0.0,NEUTRAL,1,0,0,0,9.7729,0.0,0.0,0.0,,,2026-06-03
EDV,126,0.0,0.0,NEUTRAL,6,0,0,0,76.4786,0.0,0.0,0.0,,,2026-06-03
EDV,252,70.1899,0.4876,BULLISH,7,4,4,0,100.7436,43.1986,70.1899,0.0,"SLV(t=252,q=0.95) & SI=F(t=300,q=0.95) CPE=1.000 lift=5.00 n=116 | SLV(t=252,q=0.95) & SI=F(t=300,q=0.95) CPE=1.000 lift=4.00 n=116 | SLV(t=252,q=0.95) & SI=F(t=300,q=0.95) CPE=1.000 lift=3.33 n=116",,2026-06-03
EDV,300,68.1852,0.371,BULLISH,5,10,4,0,79.6982,104.0731,68.1852,0.0,"SLV(t=252,q=0.95) & SI=F(t=300,q=0.95) CPE=0.957 lift=4.78 n=116 | SLV(t=252,q=0.95) & SI=F(t=300,q=0.95) CPE=1.000 lift=4.00 n=116 | SLV(t=252,q=0.95) & SI=F(t=300,q=0.95) CPE=1.000 lift=3.33 n=116",,2026-06-03
EEM,126,0.0,0.0,NEUTRAL,0,2,0,0,0.0,18.4999,0.0,0.0,,,2026-06-03
EEM,252,0.0,0.0,NEUTRAL,3,0,0,0,30.9155,0.0,0.0,0.0,,,2026-06-03
EEM,300,0.0,0.0,NEUTRAL,1,1,0,0,9.4899,9.401,0.0,0.0,,,2026-06-03
EFA,252,0.0,0.0,NEUTRAL,3,0,0,0,30.8636,0.0,0.0,0.0,,,2026-06-03
EFA,300,0.0,0.0,NEUTRAL,2,0,0,0,25.6675,0.0,0.0,0.0,,,2026-06-03
EMB,63,0.0,0.0,NEUTRAL,3,0,0,0,24.971,0.0,0.0,0.0,,,2026-06-03
EMB,126,0.0,0.0,NEUTRAL,10,0,0,0,111.2555,0.0,0.0,0.0,,,2026-06-03
EMB,252,0.0,0.0,NEUTRAL,13,2,0,0,180.0632,18.8282,0.0,0.0,,,2026-06-03
EMB,300,12.9829,0.0831,BULLISH,11,1,1,0,146.8937,9.3457,12.9829,0.0,"SLV(t=252,q=0.95) & SI=F(t=300,q=0.95) CPE=0.905 lift=3.02 n=116",,2026-06-03
ETH-USD,63,0.0,0.0,NEUTRAL,0,1,0,0,0.0,7.4604,0.0,0.0,,,2026-06-03
ETH-USD,126,-39.6909,-0.4496,BEARISH,4,4,0,4,48.5956,39.6909,0.0,39.6909,,"IBIT(t=252,q=0.5) & FBTC(t=252,q=0.5) CPE=0.951 lift=2.38 n=122 | IBIT(t=252,q=0.5) & FBTC(t=252,q=0.5) & BITB(t=252,q=0.5) CPE=0.951 lift=2.38 n=122 | BITB(t=252,q=0.5) & IBIT(t=252,q=0.5) CPE=0.967 lift=1.93 n=122",2026-06-03
ETH-USD,252,0.0,0.0,NEUTRAL,8,0,0,0,108.5799,0.0,0.0,0.0,,,2026-06-03
ETH-USD,300,0.0,0.0,NEUTRAL,7,0,0,0,108.1543,0.0,0.0,0.0,,,2026-06-03
ETHE,126,-39.4879,-1.0,BEARISH,0,4,0,4,0.0,39.4879,0.0,39.4879,,"BITB(t=252,q=0.5) & FBTC(t=252,q=0.5) CPE=0.957 lift=2.39 n=116 | BITB(t=252,q=0.5) & FBTC(t=252,q=0.5) & IBIT(t=252,q=0.5) CPE=0.957 lift=2.39 n=116 | FBTC(t=252,q=0.5) & BITB(t=252,q=0.5) CPE=0.966 lift=1.93 n=116",2026-06-03
ETHE,252,0.0,0.0,NEUTRAL,2,7,0,0,20.6617,72.3118,0.0,0.0,,,2026-06-03
ETHE,300,39.8374,0.4265,BULLISH,7,2,4,0,75.7279,17.68,39.8374,0.0,"ICLN(t=126,q=0.95) & VWO(t=126,q=0.75) CPE=1.000 lift=2.50 n=108 | VWO(t=126,q=0.8) & EEM(t=126,q=0.75) CPE=1.000 lift=2.00 n=120 | VWO(t=126,q=0.8) & EEM(t=126,q=0.75) & EWJ(t=126,q=0.8) CPE=1.000 lift=2.00 n=106",,2026-06-03
EURCHF=X,126,0.0,0.0,NEUTRAL,1,0,0,0,8.3391,0.0,0.0,0.0,,,2026-06-03
EURCHF=X,252,0.0,0.0,NEUTRAL,2,0,0,0,28.7897,0.0,0.0,0.0,,,2026-06-03
EURCHF=X,300,0.0,0.0,NEUTRAL,6,6,0,0,75.8205,56.8664,0.0,0.0,,,2026-06-03
EURGBP=X,63,7.9729,0.3426,BULLISH,1,2,1,0,7.9729,15.2975,7.9729,0.0,"BZ=F(t=126,q=0.95) & CL=F(t=126,q=0.95) CPE=0.884 lift=1.77 n=164",,2026-06-03
EURGBP=X,126,0.0,0.0,NEUTRAL,6,3,0,0,78.5243,36.2851,0.0,0.0,,,2026-06-03
EURGBP=X,252,0.0,0.0,NEUTRAL,11,6,0,0,175.8389,57.7673,0.0,0.0,,,2026-06-03
EURGBP=X,300,0.0,0.0,NEUTRAL,9,2,0,0,141.5845,21.0463,0.0,0.0,,,2026-06-03
EURJPY=X,63,0.0,0.0,NEUTRAL,0,1,0,0,0.0,7.2019,0.0,0.0,,,2026-06-03
EURJPY=X,252,0.0,0.0,NEUTRAL,12,0,0,0,247.9247,0.0,0.0,0.0,,,2026-06-03
EURJPY=X,300,0.0,0.0,NEUTRAL,6,0,0,0,179.9755,0.0,0.0,0.0,,,2026-06-03
EURUSD=X,252,0.0,0.0,NEUTRAL,0,1,0,0,0.0,9.2302,0.0,0.0,,,2026-06-03
EURUSD=X,300,0.0,0.0,NEUTRAL,2,1,0,0,17.5985,9.3269,0.0,0.0,,,2026-06-03
EWJ,63,0.0,0.0,NEUTRAL,0,3,0,0,0.0,29.6061,0.0,0.0,,,2026-06-03
EWJ,126,0.0,0.0,NEUTRAL,0,1,0,0,0.0,9.2103,0.0,0.0,,,2026-06-03
EWJ,252,0.0,0.0,NEUTRAL,8,4,0,0,101.6342,54.1627,0.0,0.0,,,2026-06-03
EWJ,300,0.0,0.0,NEUTRAL,8,5,0,0,106.5869,75.2136,0.0,0.0,,,2026-06-03
EWY,252,0.0,0.0,NEUTRAL,10,3,0,0,150.7737,27.631,0.0,0.0,,,2026-06-03
EWY,300,0.0,0.0,NEUTRAL,2,4,0,0,19.5312,37.6122,0.0,0.0,,,2026-06-03
EWZ,252,0.0,0.0,NEUTRAL,2,3,0,0,18.7571,32.7528,0.0,0.0,,,2026-06-03
EWZ,300,0.0,0.0,NEUTRAL,1,3,0,0,9.0905,35.0437,0.0,0.0,,,2026-06-03
FBTC,63,0.0,0.0,NEUTRAL,1,1,0,0,8.8683,8.2153,0.0,0.0,,,2026-06-03
FBTC,126,-32.9835,-1.0,BEARISH,0,3,0,3,0.0,32.9835,0.0,32.9835,,"DOGE-USD(t=252,q=0.6) & BTC-USD(t=252,q=0.6) CPE=0.891 lift=2.97 n=101 | DOGE-USD(t=252,q=0.6) & BTC-USD(t=252,q=0.6) CPE=1.000 lift=2.50 n=101 | DOGE-USD(t=252,q=0.6) & BTC-USD(t=252,q=0.6) CPE=1.000 lift=2.00 n=101",2026-06-03
FBTC,252,0.0,0.0,NEUTRAL,7,13,0,0,62.4889,148.9479,0.0,0.0,,,2026-06-03
FBTC,300,0.0,0.0,NEUTRAL,0,5,0,0,0.0,54.6877,0.0,0.0,,,2026-06-03
FXI,126,0.0,0.0,NEUTRAL,1,0,0,0,9.1796,0.0,0.0,0.0,,,2026-06-03
FXI,252,0.0,0.0,NEUTRAL,3,0,0,0,31.1444,0.0,0.0,0.0,,,2026-06-03
FXI,300,0.0,0.0,NEUTRAL,4,0,0,0,55.6084,0.0,0.0,0.0,,,2026-06-03
GBPJPY=X,252,0.0,0.0,NEUTRAL,8,1,0,0,129.8811,9.2499,0.0,0.0,,,2026-06-03
GBPJPY=X,300,0.0,0.0,NEUTRAL,17,0,0,0,298.1749,0.0,0.0,0.0,,,2026-06-03
GBPUSD=X,126,0.0,0.0,NEUTRAL,1,0,0,0,11.611,0.0,0.0,0.0,,,2026-06-03
GBTC,63,0.0,0.0,NEUTRAL,2,1,0,0,16.8334,9.4207,0.0,0.0,,,2026-06-03
GBTC,126,-20.602,-0.4548,BEARISH,1,4,0,2,7.72,37.5785,0.0,20.602,,"FBTC(t=252,q=0.5) & IBIT(t=252,q=0.5) CPE=0.931 lift=2.33 n=116 | FBTC(t=252,q=0.5) & IBIT(t=252,q=0.5) & BITB(t=252,q=0.5) CPE=0.931 lift=2.33 n=116",2026-06-03
GC=F,63,0.0,0.0,NEUTRAL,4,0,0,0,36.8611,0.0,0.0,0.0,,,2026-06-03
GC=F,126,0.0,0.0,NEUTRAL,10,0,0,0,147.9139,0.0,0.0,0.0,,,2026-06-03
GC=F,252,0.0,0.0,NEUTRAL,10,2,0,0,155.8555,18.9448,0.0,0.0,,,2026-06-03
GC=F,300,0.0,0.0,NEUTRAL,10,2,0,0,150.7634,18.4207,0.0,0.0,,,2026-06-03
GLD,63,0.0,0.0,NEUTRAL,4,0,0,0,37.1627,0.0,0.0,0.0,,,2026-06-03
GLD,126,0.0,0.0,NEUTRAL,10,0,0,0,146.1304,0.0,0.0,0.0,,,2026-06-03
GLD,252,0.0,0.0,NEUTRAL,10,0,0,0,153.1117,0.0,0.0,0.0,,,2026-06-03
GLD,300,0.0,0.0,NEUTRAL,10,0,0,0,142.833,0.0,0.0,0.0,,,2026-06-03
GOOGL,63,0.0,0.0,NEUTRAL,3,5,0,0,27.2007,40.9707,0.0,0.0,,,2026-06-03
GOOGL,126,0.0,0.0,NEUTRAL,3,13,0,0,28.7164,149.7887,0.0,0.0,,,2026-06-03
GOOGL,252,-9.5199,-0.2393,BEARISH,0,4,0,1,0.0,39.7748,0.0,9.5199,,"BCH-USD(t=126,q=0.9) & XRP-USD(t=126,q=0.8) CPE=0.992 lift=1.98 n=126",2026-06-03
GOOGL,300,0.0,0.0,NEUTRAL,5,2,0,0,46.7175,17.5438,0.0,0.0,,,2026-06-03
GSG,63,0.0,0.0,NEUTRAL,0,1,0,0,0.0,7.5254,0.0,0.0,,,2026-06-03
GSG,126,0.0,0.0,NEUTRAL,5,2,0,0,49.0068,17.4277,0.0,0.0,,,2026-06-03
GSG,252,0.0,0.0,NEUTRAL,16,0,0,0,242.4843,0.0,0.0,0.0,,,2026-06-03
GSG,300,27.7498,0.0711,BULLISH,25,0,3,0,390.1635,0.0,27.7498,0.0,"EWY(t=300,q=0.95) & VT(t=300,q=0.95) CPE=1.000 lift=2.00 n=102 | EWY(t=300,q=0.95) & VT(t=300,q=0.95) & DBB(t=300,q=0.9) CPE=1.000 lift=2.00 n=102 | EWY(t=300,q=0.95) & VT(t=300,q=0.95) & DBB(t=300,q=0.9) & SOXX(t=300,q=0.9) CPE=1.000 lift=2.00 n=102",,2026-06-03
HG=F,21,0.0,0.0,NEUTRAL,2,0,0,0,12.5465,0.0,0.0,0.0,,,2026-06-03
HG=F,126,0.0,0.0,NEUTRAL,3,1,0,0,36.7541,9.575,0.0,0.0,,,2026-06-03
HG=F,252,0.0,0.0,NEUTRAL,4,0,0,0,56.0581,0.0,0.0,0.0,,,2026-06-03
HG=F,300,0.0,0.0,NEUTRAL,5,0,0,0,49.178,0.0,0.0,0.0,,,2026-06-03
HYG,63,0.0,0.0,NEUTRAL,3,0,0,0,24.9557,0.0,0.0,0.0,,,2026-06-03
HYG,126,0.0,0.0,NEUTRAL,9,1,0,0,102.4317,8.4429,0.0,0.0,,,2026-06-03
HYG,252,0.0,0.0,NEUTRAL,11,0,0,0,164.8564,0.0,0.0,0.0,,,2026-06-03
HYG,300,0.0,0.0,NEUTRAL,9,2,0,0,103.2957,16.0567,0.0,0.0,,,2026-06-03
IAU,63,0.0,0.0,NEUTRAL,4,0,0,0,37.1627,0.0,0.0,0.0,,,2026-06-03
IAU,126,0.0,0.0,NEUTRAL,10,0,0,0,145.1767,0.0,0.0,0.0,,,2026-06-03
IAU,252,0.0,0.0,NEUTRAL,10,1,0,0,154.5993,9.3457,0.0,0.0,,,2026-06-03
IAU,300,0.0,0.0,NEUTRAL,9,0,0,0,124.0779,0.0,0.0,0.0,,,2026-06-03
IBIT,63,0.0,0.0,NEUTRAL,1,1,0,0,8.8683,8.2153,0.0,0.0,,,2026-06-03
IBIT,126,-32.9835,-1.0,BEARISH,0,3,0,3,0.0,32.9835,0.0,32.9835,,"DOGE-USD(t=252,q=0.6) & BTC-USD(t=252,q=0.6) CPE=0.891 lift=2.97 n=101 | DOGE-USD(t=252,q=0.6) & BTC-USD(t=252,q=0.6) CPE=1.000 lift=2.50 n=101 | DOGE-USD(t=252,q=0.6) & BTC-USD(t=252,q=0.6) CPE=1.000 lift=2.00 n=101",2026-06-03
IBIT,252,0.0,0.0,NEUTRAL,7,13,0,0,62.4889,148.9479,0.0,0.0,,,2026-06-03
IBIT,300,0.0,0.0,NEUTRAL,0,5,0,0,0.0,54.6877,0.0,0.0,,,2026-06-03
ICLN,126,0.0,0.0,NEUTRAL,1,0,0,0,9.5096,0.0,0.0,0.0,,,2026-06-03
ICLN,252,0.0,0.0,NEUTRAL,10,3,0,0,140.4311,43.0641,0.0,0.0,,,2026-06-03
ICLN,300,0.0,0.0,NEUTRAL,10,3,0,0,129.4291,36.8874,0.0,0.0,,,2026-06-03
IEF,63,0.0,0.0,NEUTRAL,2,0,0,0,22.3642,0.0,0.0,0.0,,,2026-06-03
IEF,126,0.0,0.0,NEUTRAL,3,0,0,0,25.6744,0.0,0.0,0.0,,,2026-06-03
IEF,252,0.0,0.0,NEUTRAL,11,0,0,0,133.8023,0.0,0.0,0.0,,,2026-06-03
IEF,300,0.0,0.0,NEUTRAL,12,5,0,0,153.6064,46.2865,0.0,0.0,,,2026-06-03
IEI,63,0.0,0.0,NEUTRAL,4,0,0,0,55.0717,0.0,0.0,0.0,,,2026-06-03
IEI,126,0.0,0.0,NEUTRAL,9,0,0,0,112.4116,0.0,0.0,0.0,,,2026-06-03
IEI,252,0.0,0.0,NEUTRAL,6,0,0,0,77.651,0.0,0.0,0.0,,,2026-06-03
IEI,300,0.0,0.0,NEUTRAL,9,1,0,0,118.5885,9.2103,0.0,0.0,,,2026-06-03
INDA,63,-6.193,-1.0,BEARISH,0,1,0,1,0.0,6.193,0.0,6.193,,"IBIT(t=126,q=0.75) & BITB(t=126,q=0.75) CPE=0.820 lift=1.64 n=100",2026-06-03
INDA,126,0.0,0.0,NEUTRAL,1,0,0,0,9.1026,0.0,0.0,0.0,,,2026-06-03
INDA,252,0.0,0.0,NEUTRAL,3,6,0,0,45.2415,73.7718,0.0,0.0,,,2026-06-03
INDA,300,0.0,0.0,NEUTRAL,2,1,0,0,20.8609,9.2103,0.0,0.0,,,2026-06-03
INRUSD=X,126,-43.0874,-0.5816,BEARISH,3,4,0,4,30.9988,43.0874,0.0,43.0874,,"BITB(t=252,q=0.5) & FBTC(t=252,q=0.5) CPE=1.000 lift=2.50 n=120 | BITB(t=252,q=0.5) & FBTC(t=252,q=0.5) & IBIT(t=252,q=0.5) CPE=1.000 lift=2.50 n=120 | BITB(t=252,q=0.5) & FBTC(t=252,q=0.5) CPE=1.000 lift=2.00 n=120",2026-06-03
INRUSD=X,252,0.0,0.0,NEUTRAL,5,1,0,0,55.7219,8.59,0.0,0.0,,,2026-06-03
INRUSD=X,300,0.0,0.0,NEUTRAL,8,2,0,0,89.2984,19.3784,0.0,0.0,,,2026-06-03
ITB,63,0.0,0.0,NEUTRAL,1,0,0,0,9.1902,0.0,0.0,0.0,,,2026-06-03
ITB,126,0.0,0.0,NEUTRAL,13,2,0,0,203.0292,19.3001,0.0,0.0,,,2026-06-03
ITB,252,0.0,0.0,NEUTRAL,16,0,0,0,342.2279,0.0,0.0,0.0,,,2026-06-03
ITB,300,0.0,0.0,NEUTRAL,15,0,0,0,262.2219,0.0,0.0,0.0,,,2026-06-03
IWM,126,0.0,0.0,NEUTRAL,0,1,0,0,0.0,7.7509,0.0,0.0,,,2026-06-03
IWM,252,0.0,0.0,NEUTRAL,3,1,0,0,27.631,8.7153,0.0,0.0,,,2026-06-03
IWM,300,0.0,0.0,NEUTRAL,10,2,0,0,114.3878,19.2206,0.0,0.0,,,2026-06-03
JNK,63,0.0,0.0,NEUTRAL,11,0,0,0,147.7793,0.0,0.0,0.0,,,2026-06-03
JNK,126,0.0,0.0,NEUTRAL,13,0,0,0,155.1341,0.0,0.0,0.0,,,2026-06-03
JNK,252,0.0,0.0,NEUTRAL,21,0,0,0,321.8018,0.0,0.0,0.0,,,2026-06-03
JNK,300,0.0,0.0,NEUTRAL,20,3,0,0,292.9644,26.4853,0.0,0.0,,,2026-06-03
JO,63,0.0,0.0,NEUTRAL,7,2,0,0,66.8822,15.3431,0.0,0.0,,,2026-06-03
JO,126,0.0,0.0,NEUTRAL,24,2,0,0,362.9594,17.9974,0.0,0.0,,,2026-06-03
JO,252,62.2942,0.1359,BULLISH,25,6,4,0,401.6802,56.6938,62.2942,0.0,"EFA(t=252,q=0.75) & EWY(t=252,q=0.75) CPE=1.000 lift=5.00 n=158 | IWM(t=252,q=0.9) & VTI(t=252,q=0.9) CPE=1.000 lift=2.50 n=144 | IWM(t=252,q=0.9) & VTI(t=252,q=0.9) & VT(t=252,q=0.9) CPE=1.000 lift=2.50 n=143",,2026-06-03
JO,300,89.5794,0.181,BULLISH,25,10,4,0,393.2893,101.5167,89.5794,0.0,"EWY(t=252,q=0.8) & EFA(t=252,q=0.75) CPE=0.984 lift=4.92 n=127 | EWY(t=252,q=0.8) & EFA(t=252,q=0.75) & IWM(t=252,q=0.9) CPE=0.984 lift=4.92 n=127 | EWY(t=252,q=0.8) & EFA(t=252,q=0.75) & IWM(t=252,q=0.9) & VEA(t=252,q=0.8) CPE=0.984 lift=4.92 n=127",,2026-06-03
JPM,126,0.0,0.0,NEUTRAL,2,1,0,0,20.8036,6.9713,0.0,0.0,,,2026-06-03
JPM,252,0.0,0.0,NEUTRAL,0,5,0,0,0.0,78.1804,0.0,0.0,,,2026-06-03
JPM,300,0.0,0.0,NEUTRAL,4,5,0,0,37.7307,75.3576,0.0,0.0,,,2026-06-03
JPYUSD=X,63,0.0,0.0,NEUTRAL,1,0,0,0,9.2966,0.0,0.0,0.0,,,2026-06-03
JPYUSD=X,126,0.0,0.0,NEUTRAL,2,0,0,0,21.6913,0.0,0.0,0.0,,,2026-06-03
JPYUSD=X,252,0.0,0.0,NEUTRAL,12,2,0,0,157.7298,20.768,0.0,0.0,,,2026-06-03
JPYUSD=X,300,0.0,0.0,NEUTRAL,10,2,0,0,144.9412,21.0277,0.0,0.0,,,2026-06-03
LINK-USD,63,0.0,0.0,NEUTRAL,0,1,0,0,0.0,8.3391,0.0,0.0,,,2026-06-03
LINK-USD,126,-62.0694,-1.0,BEARISH,0,6,0,6,0.0,62.0694,0.0,62.0694,,"IBIT(t=252,q=0.5) & FBTC(t=252,q=0.5) CPE=0.861 lift=2.87 n=122 | IBIT(t=252,q=0.5) & FBTC(t=252,q=0.5) & BITB(t=252,q=0.5) CPE=0.861 lift=2.87 n=122 | IBIT(t=252,q=0.5) & FBTC(t=252,q=0.5) CPE=0.934 lift=2.34 n=122",2026-06-03
LINK-USD,252,0.0,0.0,NEUTRAL,5,5,0,0,46.5179,46.6976,0.0,0.0,,,2026-06-03
LINK-USD,300,0.0,0.0,NEUTRAL,5,2,0,0,45.9568,19.8924,0.0,0.0,,,2026-06-03
LQD,63,0.0,0.0,NEUTRAL,2,0,0,0,14.2685,0.0,0.0,0.0,,,2026-06-03
LQD,126,0.0,0.0,NEUTRAL,6,0,0,0,61.6543,0.0,0.0,0.0,,,2026-06-03
LQD,252,76.4033,0.7859,BULLISH,6,1,5,0,85.6336,11.5868,76.4033,0.0,"SLV(t=252,q=0.95) & SI=F(t=252,q=0.95) CPE=0.912 lift=4.56 n=137 | SLV(t=252,q=0.95) & SI=F(t=300,q=0.95) CPE=0.991 lift=3.97 n=116 | SLV(t=252,q=0.95) & SI=F(t=300,q=0.95) CPE=1.000 lift=3.33 n=116",,2026-06-03
LQD,300,55.4677,0.5876,BULLISH,6,2,4,0,76.191,18.1992,55.4677,0.0,"SLV(t=252,q=0.95) & SI=F(t=252,q=0.95) CPE=0.963 lift=3.85 n=136 | SLV(t=252,q=0.95) & SI=F(t=300,q=0.95) CPE=1.000 lift=3.33 n=116 | SLV(t=252,q=0.95) & SI=F(t=300,q=0.95) CPE=1.000 lift=2.50 n=116",,2026-06-03
LTC-USD,63,0.0,0.0,NEUTRAL,2,0,0,0,16.5497,0.0,0.0,0.0,,,2026-06-03
LTC-USD,126,-61.9302,-1.0,BEARISH,0,6,0,6,0.0,61.9302,0.0,61.9302,,"IBIT(t=252,q=0.5) & FBTC(t=252,q=0.5) CPE=0.869 lift=2.90 n=122 | IBIT(t=252,q=0.5) & FBTC(t=252,q=0.5) & BITB(t=252,q=0.5) CPE=0.869 lift=2.90 n=122 | IBIT(t=252,q=0.5) & FBTC(t=252,q=0.5) CPE=0.934 lift=2.34 n=122",2026-06-03
LTC-USD,252,0.0,0.0,NEUTRAL,2,1,0,0,21.3912,8.3449,0.0,0.0,,,2026-06-03
LTC-USD,300,0.0,0.0,NEUTRAL,5,1,0,0,108.2314,7.3507,0.0,0.0,,,2026-06-03
MATIC-USD,21,0.0,0.0,NEUTRAL,4,0,0,0,32.8976,0.0,0.0,0.0,,,2026-06-03
MATIC-USD,63,0.0,0.0,NEUTRAL,6,1,0,0,78.2891,7.4354,0.0,0.0,,,2026-06-03
MATIC-USD,126,0.0,0.0,NEUTRAL,5,2,0,0,63.9786,16.1082,0.0,0.0,,,2026-06-03
MATIC-USD,252,0.0,0.0,NEUTRAL,13,4,0,0,186.1171,38.5152,0.0,0.0,,,2026-06-03
MATIC-USD,300,15.3504,0.0725,BULLISH,14,1,1,0,202.4015,9.2695,15.3504,0.0,"XBI(t=300,q=0.8) & ARKK(t=300,q=0.8) CPE=1.000 lift=3.33 n=100",,2026-06-03
MBB,63,0.0,0.0,NEUTRAL,2,0,0,0,18.747,0.0,0.0,0.0,,,2026-06-03
MBB,126,0.0,0.0,NEUTRAL,5,0,0,0,48.8471,0.0,0.0,0.0,,,2026-06-03
MBB,252,0.0,0.0,NEUTRAL,9,1,0,0,124.9472,15.4489,0.0,0.0,,,2026-06-03
MBB,300,0.0,0.0,NEUTRAL,11,1,0,0,183.8681,9.2499,0.0,0.0,,,2026-06-03
META,21,0.0,0.0,NEUTRAL,1,0,0,0,6.9212,0.0,0.0,0.0,,,2026-06-03
META,63,0.0,0.0,NEUTRAL,3,0,0,0,28.3933,0.0,0.0,0.0,,,2026-06-03
META,126,0.0,0.0,NEUTRAL,2,2,0,0,20.1915,19.3776,0.0,0.0,,,2026-06-03
MSFT,21,-12.9007,-1.0,BEARISH,0,2,0,2,0.0,12.9007,0.0,12.9007,,"IBIT(t=252,q=0.6) & FBTC(t=252,q=0.6) CPE=0.806 lift=1.61 n=144 | IBIT(t=252,q=0.6) & FBTC(t=252,q=0.6) & BITB(t=252,q=0.6) CPE=0.806 lift=1.61 n=144",2026-06-03
MSFT,126,-140.2823,-1.0,BEARISH,0,10,0,10,0.0,140.2823,0.0,140.2823,,"IBIT(t=252,q=0.5) & FBTC(t=252,q=0.5) CPE=0.871 lift=4.35 n=116 | IBIT(t=252,q=0.5) & FBTC(t=252,q=0.5) & BITB(t=252,q=0.5) CPE=0.871 lift=4.35 n=116 | IBIT(t=252,q=0.5) & FBTC(t=252,q=0.5) CPE=0.957 lift=3.83 n=116",2026-06-03
MSFT,300,0.0,0.0,NEUTRAL,1,1,0,0,9.3457,8.6859,0.0,0.0,,,2026-06-03
MTUM,63,0.0,0.0,NEUTRAL,0,1,0,0,0.0,7.3991,0.0,0.0,,,2026-06-03
MTUM,126,0.0,0.0,NEUTRAL,0,2,0,0,0.0,16.9765,0.0,0.0,,,2026-06-03
MTUM,252,0.0,0.0,NEUTRAL,0,11,0,0,0.0,142.1403,0.0,0.0,,,2026-06-03
MTUM,300,0.0,0.0,NEUTRAL,0,9,0,0,0.0,95.2367,0.0,0.0,,,2026-06-03
MUB,63,0.0,0.0,NEUTRAL,5,0,0,0,41.5048,0.0,0.0,0.0,,,2026-06-03
MUB,126,0.0,0.0,NEUTRAL,1,3,0,0,11.4651,27.8302,0.0,0.0,,,2026-06-03
MUB,252,112.4856,0.5335,BULLISH,9,6,5,0,152.568,58.283,112.4856,0.0,"SLV(t=252,q=0.95) & SI=F(t=300,q=0.95) CPE=0.940 lift=9.40 n=116 | SLV(t=252,q=0.95) & SI=F(t=300,q=0.95) CPE=1.000 lift=5.00 n=116 | SLV(t=252,q=0.95) & SI=F(t=300,q=0.95) CPE=1.000 lift=4.00 n=116",,2026-06-03
MUB,300,77.8536,0.5959,BULLISH,6,5,5,0,87.0639,43.5758,77.8536,0.0,"SLV(t=300,q=0.95) & SI=F(t=252,q=0.95) CPE=1.000 lift=5.00 n=102 | SLV(t=300,q=0.95) & SI=F(t=252,q=0.95) CPE=1.000 lift=4.00 n=102 | SLV(t=300,q=0.95) & SI=F(t=252,q=0.95) CPE=1.000 lift=3.33 n=102",,2026-06-03
MXNUSD=X,300,0.0,0.0,NEUTRAL,2,0,0,0,18.4605,0.0,0.0,0.0,,,2026-06-03
NG=F,126,0.0,0.0,NEUTRAL,0,10,0,0,0.0,106.907,0.0,0.0,,,2026-06-03
NG=F,252,0.0,0.0,NEUTRAL,15,26,0,0,211.0964,483.0201,0.0,0.0,,,2026-06-03
NG=F,300,0.0,0.0,NEUTRAL,8,25,0,0,123.2193,406.8002,0.0,0.0,,,2026-06-03
NIB,126,0.0,0.0,NEUTRAL,0,5,0,0,0.0,45.7709,0.0,0.0,,,2026-06-03
NIB,252,0.0,0.0,NEUTRAL,2,0,0,0,18.5183,0.0,0.0,0.0,,,2026-06-03
NIB,300,0.0,0.0,NEUTRAL,3,0,0,0,28.9777,0.0,0.0,0.0,,,2026-06-03
NVDA,63,0.0,0.0,NEUTRAL,1,0,0,0,10.8246,0.0,0.0,0.0,,,2026-06-03
NVDA,126,0.0,0.0,NEUTRAL,4,0,0,0,36.8414,0.0,0.0,0.0,,,2026-06-03
NVDA,252,0.0,0.0,NEUTRAL,2,0,0,0,36.6495,0.0,0.0,0.0,,,2026-06-03
NVDA,300,0.0,0.0,NEUTRAL,2,2,0,0,45.2221,20.768,0.0,0.0,,,2026-06-03
NZDUSD=X,63,0.0,0.0,NEUTRAL,0,2,0,0,0.0,18.1999,0.0,0.0,,,2026-06-03
NZDUSD=X,252,0.0,0.0,NEUTRAL,3,2,0,0,28.1098,19.4381,0.0,0.0,,,2026-06-03
NZDUSD=X,300,0.0,0.0,NEUTRAL,1,0,0,0,9.2008,0.0,0.0,0.0,,,2026-06-03
PALL,63,0.0,0.0,NEUTRAL,7,2,0,0,84.892,18.5947,0.0,0.0,,,2026-06-03
PALL,126,0.0,0.0,NEUTRAL,2,2,0,0,18.0854,28.1675,0.0,0.0,,,2026-06-03
PALL,252,-38.0287,-0.0566,BEARISH,9,27,0,2,198.1109,473.5201,0.0,38.0287,,"AVAX-USD(t=252,q=0.9) & DOT-USD(t=300,q=0.8) CPE=1.000 lift=4.00 n=116 | AVAX-USD(t=252,q=0.9) & DOT-USD(t=300,q=0.8) & SOL-USD(t=300,q=0.8) CPE=1.000 lift=4.00 n=116",2026-06-03
PALL,300,0.0,0.0,NEUTRAL,5,11,0,0,83.5672,223.7175,0.0,0.0,,,2026-06-03
PDBC,21,0.0,0.0,NEUTRAL,0,1,0,0,0.0,7.0117,0.0,0.0,,,2026-06-03
PDBC,63,64.3069,0.7285,BULLISH,6,3,6,0,64.3069,23.9676,64.3069,0.0,"EWY(t=252,q=0.95) & SI=F(t=252,q=0.9) CPE=0.951 lift=3.17 n=102 | EWY(t=252,q=0.95) & SI=F(t=252,q=0.9) CPE=0.990 lift=2.48 n=102 | EWY(t=252,q=0.95) & SI=F(t=252,q=0.9) & SLV(t=252,q=0.9) CPE=0.990 lift=2.48 n=102",,2026-06-03
PDBC,126,94.6695,0.3396,BULLISH,11,11,5,0,160.4016,118.3586,94.6695,0.0,"EWY(t=252,q=0.9) & ICLN(t=252,q=0.9) CPE=1.000 lift=5.00 n=129 | EWY(t=252,q=0.9) & ICLN(t=252,q=0.9) CPE=1.000 lift=4.00 n=129 | EWY(t=252,q=0.9) & ICLN(t=252,q=0.9) & EEM(t=252,q=0.8) CPE=1.000 lift=4.00 n=114",,2026-06-03
PDBC,252,0.0,0.0,NEUTRAL,13,14,0,0,190.495,220.8558,0.0,0.0,,,2026-06-03
PDBC,300,0.0,0.0,NEUTRAL,18,4,0,0,243.0012,45.284,0.0,0.0,,,2026-06-03
PPLT,63,0.0,0.0,NEUTRAL,2,0,0,0,15.4098,0.0,0.0,0.0,,,2026-06-03
PPLT,126,0.0,0.0,NEUTRAL,6,0,0,0,62.0573,0.0,0.0,0.0,,,2026-06-03
PPLT,252,0.0,0.0,NEUTRAL,12,0,0,0,259.4587,0.0,0.0,0.0,,,2026-06-03
PPLT,300,0.0,0.0,NEUTRAL,13,0,0,0,271.8704,0.0,0.0,0.0,,,2026-06-03
QQQ,63,0.0,0.0,NEUTRAL,2,0,0,0,17.7906,0.0,0.0,0.0,,,2026-06-03
QQQ,126,0.0,0.0,NEUTRAL,9,3,0,0,112.4704,33.4234,0.0,0.0,,,2026-06-03
QQQ,252,0.0,0.0,NEUTRAL,2,5,0,0,22.3909,75.9516,0.0,0.0,,,2026-06-03
QQQ,300,0.0,0.0,NEUTRAL,1,5,0,0,10.767,77.8536,0.0,0.0,,,2026-06-03
QUAL,63,0.0,0.0,NEUTRAL,0,2,0,0,0.0,15.8869,0.0,0.0,,,2026-06-03
QUAL,126,0.0,0.0,NEUTRAL,1,4,0,0,9.2302,36.2453,0.0,0.0,,,2026-06-03
QUAL,252,0.0,0.0,NEUTRAL,4,8,0,0,49.4392,89.1687,0.0,0.0,,,2026-06-03
QUAL,300,0.0,0.0,NEUTRAL,1,1,0,0,11.5378,9.2302,0.0,0.0,,,2026-06-03
SCHP,21,0.0,0.0,NEUTRAL,1,0,0,0,8.0003,0.0,0.0,0.0,,,2026-06-03
SCHP,63,0.0,0.0,NEUTRAL,5,0,0,0,76.0022,0.0,0.0,0.0,,,2026-06-03
SCHP,126,0.0,0.0,NEUTRAL,5,0,0,0,76.8281,0.0,0.0,0.0,,,2026-06-03
SCHP,252,0.0,0.0,NEUTRAL,18,4,0,0,275.8495,41.6243,0.0,0.0,,,2026-06-03
SCHP,300,0.0,0.0,NEUTRAL,16,3,0,0,238.8734,30.2537,0.0,0.0,,,2026-06-03
SGDUSD=X,63,0.0,0.0,NEUTRAL,3,0,0,0,30.6123,0.0,0.0,0.0,,,2026-06-03
SGDUSD=X,126,0.0,0.0,NEUTRAL,1,0,0,0,10.9671,0.0,0.0,0.0,,,2026-06-03
SGDUSD=X,252,0.0,0.0,NEUTRAL,5,2,0,0,107.3228,20.768,0.0,0.0,,,2026-06-03
SGDUSD=X,300,0.0,0.0,NEUTRAL,4,1,0,0,66.1055,9.3457,0.0,0.0,,,2026-06-03
SHY,21,0.0,0.0,NEUTRAL,3,0,0,0,26.3125,0.0,0.0,0.0,,,2026-06-03
SHY,63,0.0,0.0,NEUTRAL,7,0,0,0,88.5715,0.0,0.0,0.0,,,2026-06-03
SHY,126,0.0,0.0,NEUTRAL,10,0,0,0,151.0326,0.0,0.0,0.0,,,2026-06-03
SHY,252,0.0,0.0,NEUTRAL,8,1,0,0,103.9675,9.2302,0.0,0.0,,,2026-06-03
SHY,300,0.0,0.0,NEUTRAL,8,1,0,0,96.7707,9.2103,0.0,0.0,,,2026-06-03
SI=F,126,0.0,0.0,NEUTRAL,4,0,0,0,37.5233,0.0,0.0,0.0,,,2026-06-03
SI=F,252,0.0,0.0,NEUTRAL,12,0,0,0,250.3961,0.0,0.0,0.0,,,2026-06-03
SI=F,300,0.0,0.0,NEUTRAL,9,0,0,0,196.9898,0.0,0.0,0.0,,,2026-06-03
SIZE,63,0.0,0.0,NEUTRAL,0,4,0,0,0.0,35.5172,0.0,0.0,,,2026-06-03
SIZE,126,0.0,0.0,NEUTRAL,1,5,0,0,9.0905,48.3226,0.0,0.0,,,2026-06-03
SIZE,252,0.0,0.0,NEUTRAL,6,8,0,0,81.8136,110.5542,0.0,0.0,,,2026-06-03
SIZE,300,0.0,0.0,NEUTRAL,7,2,0,0,96.9934,20.7233,0.0,0.0,,,2026-06-03
SLV,63,0.0,0.0,NEUTRAL,2,0,0,0,13.3641,0.0,0.0,0.0,,,2026-06-03
SLV,126,0.0,0.0,NEUTRAL,3,0,0,0,29.4984,0.0,0.0,0.0,,,2026-06-03
SLV,252,0.0,0.0,NEUTRAL,12,0,0,0,249.772,0.0,0.0,0.0,,,2026-06-03
SLV,300,0.0,0.0,NEUTRAL,9,0,0,0,179.4955,0.0,0.0,0.0,,,2026-06-03
SOL-USD,21,0.0,0.0,NEUTRAL,2,0,0,0,15.8218,0.0,0.0,0.0,,,2026-06-03
SOL-USD,63,0.0,0.0,NEUTRAL,0,1,0,0,0.0,8.1383,0.0,0.0,,,2026-06-03
SOL-USD,126,-48.5057,-0.1653,BEARISH,16,9,0,4,197.4398,96.0111,0.0,48.5057,,"IBIT(t=252,q=0.5) & BITB(t=252,q=0.5) CPE=0.902 lift=3.01 n=122 | IBIT(t=252,q=0.5) & BITB(t=252,q=0.5) & FBTC(t=252,q=0.5) CPE=0.902 lift=3.01 n=122 | IBIT(t=252,q=0.5) & FBTC(t=252,q=0.5) CPE=0.967 lift=2.42 n=122",2026-06-03
SOL-USD,252,0.0,0.0,NEUTRAL,10,12,0,0,130.8366,145.8878,0.0,0.0,,,2026-06-03
SOL-USD,300,0.0,0.0,NEUTRAL,7,10,0,0,112.3352,111.5122,0.0,0.0,,,2026-06-03
SOXX,63,0.0,0.0,NEUTRAL,1,0,0,0,9.0352,0.0,0.0,0.0,,,2026-06-03
SOXX,252,0.0,0.0,NEUTRAL,4,0,0,0,41.3509,0.0,0.0,0.0,,,2026-06-03
SOYB,126,0.0,0.0,NEUTRAL,1,0,0,0,11.7962,0.0,0.0,0.0,,,2026-06-03
SOYB,252,0.0,0.0,NEUTRAL,7,2,0,0,93.8347,18.5776,0.0,0.0,,,2026-06-03
SOYB,300,0.0,0.0,NEUTRAL,23,8,0,0,345.7033,80.832,0.0,0.0,,,2026-06-03
SPY,126,0.0,0.0,NEUTRAL,0,2,0,0,0.0,19.6781,0.0,0.0,,,2026-06-03
SPY,252,0.0,0.0,NEUTRAL,1,5,0,0,9.2695,74.2266,0.0,0.0,,,2026-06-03
SPY,300,0.0,0.0,NEUTRAL,1,5,0,0,9.4548,77.8536,0.0,0.0,,,2026-06-03
TIP,63,0.0,0.0,NEUTRAL,2,0,0,0,25.0217,0.0,0.0,0.0,,,2026-06-03
TIP,126,0.0,0.0,NEUTRAL,2,0,0,0,21.6175,0.0,0.0,0.0,,,2026-06-03
TIP,252,41.1971,0.3145,BULLISH,6,5,3,0,73.7642,57.2078,41.1971,0.0,"SLV(t=252,q=0.95) & SI=F(t=252,q=0.95) CPE=0.927 lift=3.71 n=137 | SLV(t=252,q=0.95) & SI=F(t=300,q=0.95) CPE=0.974 lift=3.25 n=116 | SLV(t=300,q=0.95) & SI=F(t=252,q=0.95) CPE=1.000 lift=2.00 n=102",,2026-06-03
TIP,300,15.116,0.1776,BULLISH,1,7,1,0,15.116,69.9776,15.116,0.0,"SLV(t=300,q=0.95) & SI=F(t=252,q=0.95) CPE=0.990 lift=3.30 n=102",,2026-06-03
TLH,63,0.0,0.0,NEUTRAL,1,0,0,0,8.7836,0.0,0.0,0.0,,,2026-06-03
TLH,126,0.0,0.0,NEUTRAL,4,0,0,0,38.0121,0.0,0.0,0.0,,,2026-06-03
TLH,252,34.3715,0.2799,BULLISH,9,0,2,0,122.7865,0.0,34.3715,0.0,"SLV(t=252,q=0.95) & SI=F(t=252,q=0.95) CPE=0.861 lift=4.31 n=137 | SLV(t=252,q=0.95) & SI=F(t=252,q=0.95) CPE=0.905 lift=3.62 n=137",,2026-06-03
TLH,300,0.0,0.0,NEUTRAL,8,2,0,0,83.752,18.4999,0.0,0.0,,,2026-06-03
TLT,252,78.0612,0.4858,BULLISH,10,2,5,0,127.0484,33.6299,78.0612,0.0,"SLV(t=252,q=0.95) & SI=F(t=252,q=0.95) CPE=0.942 lift=4.71 n=137 | SLV(t=252,q=0.95) & SI=F(t=300,q=0.95) CPE=1.000 lift=4.00 n=116 | SLV(t=252,q=0.95) & SI=F(t=300,q=0.95) CPE=1.000 lift=3.33 n=116",,2026-06-03
TLT,300,0.0,0.0,NEUTRAL,9,8,0,0,104.7423,84.4392,0.0,0.0,,,2026-06-03
TSLA,63,0.0,0.0,NEUTRAL,1,1,0,0,8.2683,6.8746,0.0,0.0,,,2026-06-03
TSLA,126,0.0,0.0,NEUTRAL,0,10,0,0,0.0,111.8828,0.0,0.0,,,2026-06-03
TSLA,252,0.0,0.0,NEUTRAL,0,8,0,0,0.0,114.2374,0.0,0.0,,,2026-06-03
TSLA,300,0.0,0.0,NEUTRAL,3,3,0,0,28.5968,34.3335,0.0,0.0,,,2026-06-03
UDN,63,0.0,0.0,NEUTRAL,0,2,0,0,0.0,17.714,0.0,0.0,,,2026-06-03
UDN,126,0.0,0.0,NEUTRAL,3,0,0,0,33.353,0.0,0.0,0.0,,,2026-06-03
UDN,300,0.0,0.0,NEUTRAL,4,0,0,0,38.6577,0.0,0.0,0.0,,,2026-06-03
UGA,21,0.0,0.0,NEUTRAL,1,0,0,0,7.4233,0.0,0.0,0.0,,,2026-06-03
UGA,126,0.0,0.0,NEUTRAL,1,1,0,0,9.3322,7.9625,0.0,0.0,,,2026-06-03
UGA,252,0.0,0.0,NEUTRAL,15,1,0,0,249.0172,9.4724,0.0,0.0,,,2026-06-03
UGA,300,36.9407,0.1061,BULLISH,23,1,4,0,338.8835,9.2695,36.9407,0.0,"QQQ(t=300,q=0.95) & EWY(t=300,q=0.9) CPE=1.000 lift=2.00 n=102 | QQQ(t=300,q=0.95) & EWY(t=300,q=0.9) & EEM(t=300,q=0.9) CPE=1.000 lift=2.00 n=101 | QQQ(t=300,q=0.95) & EWY(t=300,q=0.9) & EEM(t=300,q=0.9) & DBB(t=300,q=0.9) CPE=1.000 lift=2.00 n=101",,2026-06-03
UNG,63,0.0,0.0,NEUTRAL,6,1,0,0,57.9587,9.2103,0.0,0.0,,,2026-06-03
UNG,126,0.0,0.0,NEUTRAL,1,21,0,0,11.2838,295.7406,0.0,0.0,,,2026-06-03
UNG,252,0.0,0.0,NEUTRAL,29,18,0,0,539.5165,258.2493,0.0,0.0,,,2026-06-03
UNG,300,0.0,0.0,NEUTRAL,25,19,0,0,483.7396,332.513,0.0,0.0,,,2026-06-03
UNI-USD,126,0.0,0.0,NEUTRAL,1,0,0,0,7.9271,0.0,0.0,0.0,,,2026-06-03
UNI-USD,252,0.0,0.0,NEUTRAL,2,0,0,0,16.9779,0.0,0.0,0.0,,,2026-06-03
UNI-USD,300,0.0,0.0,NEUTRAL,1,0,0,0,7.3733,0.0,0.0,0.0,,,2026-06-03
USMV,63,0.0,0.0,NEUTRAL,0,1,0,0,0.0,8.4429,0.0,0.0,,,2026-06-03
USMV,126,0.0,0.0,NEUTRAL,0,5,0,0,0.0,50.7842,0.0,0.0,,,2026-06-03
USMV,252,0.0,0.0,NEUTRAL,11,2,0,0,127.0245,21.7404,0.0,0.0,,,2026-06-03
USMV,300,0.0,0.0,NEUTRAL,20,2,0,0,268.8144,19.6674,0.0,0.0,,,2026-06-03
USO,126,0.0,0.0,NEUTRAL,6,0,0,0,61.3704,0.0,0.0,0.0,,,2026-06-03
USO,252,0.0,0.0,NEUTRAL,9,0,0,0,147.6993,0.0,0.0,0.0,,,2026-06-03
USO,300,0.0,0.0,NEUTRAL,25,0,0,0,390.2061,0.0,0.0,0.0,,,2026-06-03
UUP,63,0.0,0.0,NEUTRAL,3,1,0,0,30.1885,8.8456,0.0,0.0,,,2026-06-03
UUP,126,0.0,0.0,NEUTRAL,5,17,0,0,46.2491,219.0212,0.0,0.0,,,2026-06-03
UUP,252,0.0,0.0,NEUTRAL,4,23,0,0,40.0405,431.2096,0.0,0.0,,,2026-06-03
UUP,300,0.0,0.0,NEUTRAL,13,14,0,0,150.3595,170.9452,0.0,0.0,,,2026-06-03
VCIT,63,0.0,0.0,NEUTRAL,2,0,0,0,17.1218,0.0,0.0,0.0,,,2026-06-03
VCIT,126,0.0,0.0,NEUTRAL,3,0,0,0,29.9278,0.0,0.0,0.0,,,2026-06-03
VCIT,252,0.0,0.0,NEUTRAL,12,1,0,0,175.4494,9.2695,0.0,0.0,,,2026-06-03
VCIT,300,0.0,0.0,NEUTRAL,8,1,0,0,134.074,9.0695,0.0,0.0,,,2026-06-03
VCLT,63,-14.1571,-0.4068,BEARISH,2,2,0,2,20.6403,14.1571,0.0,14.1571,,"FBTC(t=300,q=0.5) & IBIT(t=300,q=0.5) CPE=0.866 lift=1.73 n=112 | FBTC(t=300,q=0.5) & IBIT(t=300,q=0.5) & BITB(t=300,q=0.5) CPE=0.866 lift=1.73 n=112",2026-06-03
VCLT,126,0.0,0.0,NEUTRAL,4,0,0,0,50.6787,0.0,0.0,0.0,,,2026-06-03
VCLT,252,42.7823,0.2472,BULLISH,10,1,2,0,161.6964,11.3629,42.7823,0.0,"SLV(t=252,q=0.95) & SI=F(t=300,q=0.95) CPE=1.000 lift=5.00 n=116 | SLV(t=252,q=0.95) & SI=F(t=300,q=0.95) CPE=1.000 lift=4.00 n=116",,2026-06-03
VCLT,300,23.768,0.1036,BULLISH,12,1,1,0,220.2362,9.2302,23.768,0.0,"SLV(t=252,q=0.95) & SI=F(t=300,q=0.95) CPE=1.000 lift=5.00 n=116",,2026-06-03
VCSH,21,0.0,0.0,NEUTRAL,2,0,0,0,12.6812,0.0,0.0,0.0,,,2026-06-03
VCSH,63,0.0,0.0,NEUTRAL,4,0,0,0,35.153,0.0,0.0,0.0,,,2026-06-03
VCSH,126,0.0,0.0,NEUTRAL,3,0,0,0,31.0118,0.0,0.0,0.0,,,2026-06-03
VCSH,252,0.0,0.0,NEUTRAL,8,1,0,0,95.0818,9.0905,0.0,0.0,,,2026-06-03
VCSH,300,0.0,0.0,NEUTRAL,6,0,0,0,68.1591,0.0,0.0,0.0,,,2026-06-03
VEA,126,0.0,0.0,NEUTRAL,1,0,0,0,9.437,0.0,0.0,0.0,,,2026-06-03
VEA,252,0.0,0.0,NEUTRAL,10,0,0,0,141.1483,0.0,0.0,0.0,,,2026-06-03
VEA,300,0.0,0.0,NEUTRAL,8,0,0,0,92.8185,0.0,0.0,0.0,,,2026-06-03
VT,126,0.0,0.0,NEUTRAL,1,0,0,0,10.4253,0.0,0.0,0.0,,,2026-06-03
VT,252,0.0,0.0,NEUTRAL,5,1,0,0,92.7099,9.0686,0.0,0.0,,,2026-06-03
VT,300,0.0,0.0,NEUTRAL,5,0,0,0,92.2206,0.0,0.0,0.0,,,2026-06-03
VTI,126,0.0,0.0,NEUTRAL,0,1,0,0,0.0,8.8573,0.0,0.0,,,2026-06-03
VTI,252,0.0,0.0,NEUTRAL,1,4,0,0,9.84,61.3932,0.0,0.0,,,2026-06-03
VTI,300,0.0,0.0,NEUTRAL,5,6,0,0,47.631,78.8605,0.0,0.0,,,2026-06-03
VTV,126,0.0,0.0,NEUTRAL,2,2,0,0,20.8634,20.4883,0.0,0.0,,,2026-06-03
VTV,252,0.0,0.0,NEUTRAL,0,4,0,0,0.0,41.5293,0.0,0.0,,,2026-06-03
VTV,300,0.0,0.0,NEUTRAL,18,3,0,0,248.2811,30.3742,0.0,0.0,,,2026-06-03
VUG,63,0.0,0.0,NEUTRAL,3,0,0,0,29.7427,0.0,0.0,0.0,,,2026-06-03
VUG,126,0.0,0.0,NEUTRAL,8,0,0,0,94.7334,0.0,0.0,0.0,,,2026-06-03
VUG,252,0.0,0.0,NEUTRAL,2,1,0,0,21.1416,11.44,0.0,0.0,,,2026-06-03
VUG,300,0.0,0.0,NEUTRAL,1,0,0,0,9.4548,0.0,0.0,0.0,,,2026-06-03
VWO,63,0.0,0.0,NEUTRAL,1,0,0,0,8.2916,0.0,0.0,0.0,,,2026-06-03
VWO,252,0.0,0.0,NEUTRAL,3,1,0,0,35.9284,9.4191,0.0,0.0,,,2026-06-03
VWO,300,0.0,0.0,NEUTRAL,0,1,0,0,0.0,9.401,0.0,0.0,,,2026-06-03
WEAT,63,0.0,0.0,NEUTRAL,4,0,0,0,45.1899,0.0,0.0,0.0,,,2026-06-03
WEAT,126,0.0,0.0,NEUTRAL,12,5,0,0,135.379,46.3097,0.0,0.0,,,2026-06-03
WEAT,252,-19.0144,-0.0783,BEARISH,6,13,0,2,99.9021,143.0852,0.0,19.0144,,"AVAX-USD(t=252,q=0.9) & DOT-USD(t=300,q=0.75) CPE=1.000 lift=2.00 n=116 | AVAX-USD(t=252,q=0.9) & DOT-USD(t=300,q=0.75) & SOL-USD(t=252,q=0.8) CPE=1.000 lift=2.00 n=116",2026-06-03
WEAT,300,0.0,0.0,NEUTRAL,24,11,0,0,470.5626,147.8077,0.0,0.0,,,2026-06-03
XBI,63,0.0,0.0,NEUTRAL,0,1,0,0,0.0,6.8583,0.0,0.0,,,2026-06-03
XBI,126,0.0,0.0,NEUTRAL,2,1,0,0,18.7096,9.3255,0.0,0.0,,,2026-06-03
XBI,252,0.0,0.0,NEUTRAL,4,1,0,0,42.2765,11.5629,0.0,0.0,,,2026-06-03
XBI,300,0.0,0.0,NEUTRAL,8,10,0,0,99.6049,104.7822,0.0,0.0,,,2026-06-03
XLB,126,0.0,0.0,NEUTRAL,2,0,0,0,21.0719,0.0,0.0,0.0,,,2026-06-03
XLB,252,0.0,0.0,NEUTRAL,5,0,0,0,46.3644,0.0,0.0,0.0,,,2026-06-03
XLB,300,0.0,0.0,NEUTRAL,2,2,0,0,20.6094,17.3434,0.0,0.0,,,2026-06-03
XLC,63,0.0,0.0,NEUTRAL,0,3,0,0,0.0,26.7557,0.0,0.0,,,2026-06-03
XLC,126,0.0,0.0,NEUTRAL,3,5,0,0,32.0647,73.6485,0.0,0.0,,,2026-06-03
XLC,252,0.0,0.0,NEUTRAL,2,2,0,0,22.2531,26.0907,0.0,0.0,,,2026-06-03
XLC,300,0.0,0.0,NEUTRAL,1,0,0,0,9.2103,0.0,0.0,0.0,,,2026-06-03
XLE,252,0.0,0.0,NEUTRAL,10,5,0,0,123.5708,73.2458,0.0,0.0,,,2026-06-03
XLE,300,0.0,0.0,NEUTRAL,23,4,0,0,341.6393,53.7149,0.0,0.0,,,2026-06-03
XLF,63,0.0,0.0,NEUTRAL,1,0,0,0,7.8268,0.0,0.0,0.0,,,2026-06-03
XLF,252,0.0,0.0,NEUTRAL,2,2,0,0,20.8563,18.6547,0.0,0.0,,,2026-06-03
XLF,300,0.0,0.0,NEUTRAL,18,3,0,0,268.4827,28.9335,0.0,0.0,,,2026-06-03
XLI,126,0.0,0.0,NEUTRAL,2,1,0,0,20.9428,8.1383,0.0,0.0,,,2026-06-03
XLI,252,0.0,0.0,NEUTRAL,2,5,0,0,21.7834,69.1477,0.0,0.0,,,2026-06-03
XLI,300,0.0,0.0,NEUTRAL,11,5,0,0,174.8158,76.1525,0.0,0.0,,,2026-06-03
XLK,63,0.0,0.0,NEUTRAL,4,0,0,0,41.0399,0.0,0.0,0.0,,,2026-06-03
XLK,126,0.0,0.0,NEUTRAL,6,5,0,0,84.3515,71.5825,0.0,0.0,,,2026-06-03
XLK,252,0.0,0.0,NEUTRAL,3,5,0,0,44.0495,77.1442,0.0,0.0,,,2026-06-03
XLK,300,0.0,0.0,NEUTRAL,0,5,0,0,0.0,77.8536,0.0,0.0,,,2026-06-03
XLP,63,0.0,0.0,NEUTRAL,2,0,0,0,17.6001,0.0,0.0,0.0,,,2026-06-03
XLP,126,0.0,0.0,NEUTRAL,0,1,0,0,0.0,8.666,0.0,0.0,,,2026-06-03
XLP,252,0.0,0.0,NEUTRAL,16,6,0,0,226.1374,64.9825,0.0,0.0,,,2026-06-03
XLP,300,0.0,0.0,NEUTRAL,20,5,0,0,296.5602,69.243,0.0,0.0,,,2026-06-03
XLRE,63,0.0,0.0,NEUTRAL,11,0,0,0,111.5778,0.0,0.0,0.0,,,2026-06-03
XLRE,126,11.3629,0.5502,BULLISH,1,1,1,0,11.3629,9.2888,11.3629,0.0,"XBI(t=252,q=0.9) & SPY(t=252,q=0.8) CPE=0.990 lift=2.48 n=103",,2026-06-03
XLRE,252,9.2302,0.0991,BULLISH,5,4,1,0,54.5342,38.5923,9.2302,0.0,"ICLN(t=300,q=0.9) & SI=F(t=300,q=0.8) CPE=1.000 lift=2.00 n=101",,2026-06-03
XLRE,300,0.0,0.0,NEUTRAL,5,2,0,0,64.7707,18.556,0.0,0.0,,,2026-06-03
XLU,63,0.0,0.0,NEUTRAL,0,4,0,0,0.0,38.218,0.0,0.0,,,2026-06-03
XLU,126,0.0,0.0,NEUTRAL,0,5,0,0,0.0,60.4256,0.0,0.0,,,2026-06-03
XLU,252,0.0,0.0,NEUTRAL,0,9,0,0,0.0,123.9626,0.0,0.0,,,2026-06-03
XLU,300,9.0215,0.0675,BULLISH,1,9,1,0,9.0215,124.5324,9.0215,0.0,"SLV(t=252,q=0.95) & SI=F(t=300,q=0.95) CPE=0.974 lift=1.95 n=116",,2026-06-03
XLV,126,-88.1169,-0.5036,BEARISH,8,8,0,8,86.8486,88.1169,0.0,88.1169,,"IBIT(t=126,q=0.6) & FBTC(t=126,q=0.6) CPE=0.809 lift=3.24 n=110 | IBIT(t=126,q=0.6) & FBTC(t=126,q=0.6) & BITB(t=126,q=0.6) CPE=0.809 lift=3.24 n=110 | IBIT(t=126,q=0.6) & BITB(t=126,q=0.6) CPE=0.882 lift=2.94 n=110",2026-06-03
XLV,252,0.0,0.0,NEUTRAL,14,3,0,0,201.7399,25.5092,0.0,0.0,,,2026-06-03
XLV,300,0.0,0.0,NEUTRAL,15,0,0,0,344.7185,0.0,0.0,0.0,,,2026-06-03
XLY,63,0.0,0.0,NEUTRAL,2,0,0,0,18.3027,0.0,0.0,0.0,,,2026-06-03
XLY,126,0.0,0.0,NEUTRAL,8,0,0,0,93.978,0.0,0.0,0.0,,,2026-06-03
XLY,252,0.0,0.0,NEUTRAL,16,1,0,0,197.0192,11.0078,0.0,0.0,,,2026-06-03
XLY,300,0.0,0.0,NEUTRAL,24,0,0,0,370.4435,0.0,0.0,0.0,,,2026-06-03
XOM,126,0.0,0.0,NEUTRAL,0,1,0,0,0.0,10.9671,0.0,0.0,,,2026-06-03
XOM,252,0.0,0.0,NEUTRAL,3,6,0,0,30.4032,72.2096,0.0,0.0,,,2026-06-03
XOM,300,0.0,0.0,NEUTRAL,24,8,0,0,365.3402,90.9207,0.0,0.0,,,2026-06-03
XRP-USD,63,-12.6544,-1.0,BEARISH,0,2,0,2,0.0,12.6544,0.0,12.6544,,"FBTC(t=252,q=0.6) & IBIT(t=252,q=0.6) CPE=0.811 lift=1.62 n=122 | FBTC(t=252,q=0.6) & IBIT(t=252,q=0.6) & BITB(t=252,q=0.6) CPE=0.811 lift=1.62 n=122",2026-06-03
XRP-USD,126,-89.5413,-1.0,BEARISH,0,8,0,8,0.0,89.5413,0.0,89.5413,,"IBIT(t=252,q=0.5) & FBTC(t=252,q=0.5) CPE=0.918 lift=3.06 n=122 | IBIT(t=252,q=0.5) & FBTC(t=252,q=0.5) & BITB(t=252,q=0.5) CPE=0.918 lift=3.06 n=122 | IBIT(t=252,q=0.5) & FBTC(t=252,q=0.5) CPE=0.803 lift=3.21 n=122",2026-06-03
XRP-USD,252,0.0,0.0,NEUTRAL,10,1,0,0,116.2956,8.5495,0.0,0.0,,,2026-06-03
XRP-USD,300,0.0,0.0,NEUTRAL,4,1,0,0,49.2884,9.5072,0.0,0.0,,,2026-06-03
ZARUSD=X,126,0.0,0.0,NEUTRAL,1,1,0,0,9.2888,9.0905,0.0,0.0,,,2026-06-03
ZARUSD=X,252,0.0,0.0,NEUTRAL,6,7,0,0,72.3149,76.7781,0.0,0.0,,,2026-06-03
ZARUSD=X,300,0.0,0.0,NEUTRAL,8,2,0,0,103.1117,21.5897,0.0,0.0,,,2026-06-03
ZC=F,126,0.0,0.0,NEUTRAL,0,4,0,0,0.0,33.0566,0.0,0.0,,,2026-06-03
ZC=F,252,9.8545,0.0525,BULLISH,1,14,1,0,9.8545,178.0151,9.8545,0.0,"GOOGL(t=252,q=0.95) & EEM(t=252,q=0.9) CPE=1.000 lift=2.00 n=138",,2026-06-03
ZC=F,300,9.6566,0.0631,BULLISH,1,12,1,0,9.6566,143.3722,9.6566,0.0,"GOOGL(t=300,q=0.95) & EEM(t=300,q=0.9) CPE=1.000 lift=2.00 n=125",,2026-06-03
ZROZ,21,0.0,0.0,NEUTRAL,1,0,0,0,6.5399,0.0,0.0,0.0,,,2026-06-03
ZROZ,63,0.0,0.0,NEUTRAL,4,0,0,0,48.6119,0.0,0.0,0.0,,,2026-06-03
ZROZ,126,0.0,0.0,NEUTRAL,5,0,0,0,73.4349,0.0,0.0,0.0,,,2026-06-03
ZROZ,252,15.4164,0.0489,NEUTRAL,16,4,1,0,270.0982,45.1587,15.4164,0.0,"SLV(t=300,q=0.95) & SI=F(t=252,q=0.95) CPE=1.000 lift=3.33 n=102",,2026-06-03
ZROZ,300,0.0,0.0,NEUTRAL,15,4,0,0,216.6892,41.714,0.0,0.0,,,2026-06-03
ZS=F,126,0.0,0.0,NEUTRAL,3,1,0,0,31.6574,8.2206,0.0,0.0,,,2026-06-03
ZS=F,252,0.0,0.0,NEUTRAL,9,7,0,0,128.877,70.0077,0.0,0.0,,,2026-06-03
ZS=F,300,0.0,0.0,NEUTRAL,7,18,0,0,109.0172,250.9254,0.0,0.0,,,2026-06-03
ZW=F,126,0.0,0.0,NEUTRAL,2,7,0,0,18.4605,68.0867,0.0,0.0,,,2026-06-03
ZW=F,252,-11.4498,-0.0352,NEUTRAL,2,22,1,2,21.5285,304.1057,12.3181,23.768,"GOOGL(t=252,q=0.95) & EEM(t=252,q=0.9) CPE=1.000 lift=2.50 n=138","AVAX-USD(t=252,q=0.9) & DOT-USD(t=300,q=0.75) CPE=1.000 lift=2.50 n=116 | AVAX-USD(t=252,q=0.9) & DOT-USD(t=300,q=0.75) & SOL-USD(t=252,q=0.8) CPE=1.000 lift=2.50 n=116",2026-06-03
ZW=F,300,0.0,0.0,NEUTRAL,7,25,0,0,71.9996,374.4304,0.0,0.0,,,2026-06-03
